exact_match,levenshtein_similarity,jaccard_similarity,tfidf_cosine_similarity,rouge1,rouge2,rougeL,bleu1,bleu4,bleu_codenn,code_keyword_match,codebert_similarity,hybrid_text_code_score,meteor,spacy_similarity,sbert_similarity,wmd_similarity,entailment_score,bertscore_precision,bertscore_recall,bertscore_f1
0.0,0.22421612303442598,0.19018573422842017,0.3914195436615725,0.2341658976464982,0.06588185051985225,0.21544291766872742,0.23394682831306363,0.05336239942534253,0.03997073818308014,0.1146384479717813,0.9830676186084747,0.26318946941196225,0.26385592946683095,0.9386339098883915,0.7286898320913315,0.5626127587701072,0.5026117945462465,0.8335882425308228,0.8376287817955017,0.8353909254074097
