exact_match,levenshtein_similarity,jaccard_similarity,tfidf_cosine_similarity,rouge1,rouge2,rougeL,bleu1,bleu4,bleu_codenn,codebert_similarity,hybrid_text_code_score,meteor,spacy_similarity,sbert_similarity,wmd_similarity,entailment_score,bertscore_precision,bertscore_recall,bertscore_f1
0.0,0.10543318884612429,0.08941396567026651,0.20468857958292666,0.09546886222494785,0.026172713397240935,0.08740458479876077,0.040497726999386245,0.01324926997626515,0.009540168710916022,0.9358491033315659,0.1329163443253335,0.06267728985397061,0.7966859520062138,0.40410062061622737,0.48379787303036853,0.5018354810774326,0.8556336164474487,0.7821587324142456,0.8169400095939636
