exact_match,levenshtein_similarity,jaccard_similarity,tfidf_cosine_similarity,rouge1,rouge2,rougeL,bleu1,bleu4,bleu_codenn,code_keyword_match,codebert_similarity,hybrid_text_code_score,meteor,spacy_similarity,sbert_similarity,wmd_similarity,entailment_score,bertscore_precision,bertscore_recall,bertscore_f1
0.0,0.21326044349149734,0.19239975219632743,0.3945665557879534,0.2441255422122003,0.07547765071617532,0.2287773680339891,0.20483724712685256,0.051896420032987375,0.037167519212918186,0.09722222222222222,0.9826512169837952,0.2707816996300962,0.2396613398485822,0.9166827424283217,0.7275108045339584,0.5577382209203966,0.48633737087249757,0.8327933549880981,0.8318261504173279,0.8319294452667236
