exact_match,levenshtein_similarity,jaccard_similarity,tfidf_cosine_similarity,rouge1,rouge2,rougeL,bleu1,bleu4,bleu_codenn,code_keyword_match,codebert_similarity,hybrid_text_code_score,meteor,spacy_similarity,sbert_similarity,wmd_similarity,entailment_score,bertscore_precision,bertscore_recall,bertscore_f1
0.0,0.19095281150968685,0.15909553262380458,0.2688043463660987,0.1932247045761862,0.048792895717523654,0.17947253093362192,0.17734587437737803,0.0385960451937037,0.03209222682057583,0.14179894179894179,0.978107442855835,0.23255688754026754,0.21644733220243598,0.9253199232162643,0.605854221843183,0.5387927109512519,0.5066600653529167,0.8242764472961426,0.8308148980140686,0.8270068168640137
