exact_match,levenshtein_similarity,jaccard_similarity,tfidf_cosine_similarity,rouge1,rouge2,rougeL,bleu1,bleu4,bleu_codenn,code_keyword_match,codebert_similarity,hybrid_text_code_score,meteor,spacy_similarity,sbert_similarity,wmd_similarity,entailment_score,bertscore_precision,bertscore_recall,bertscore_f1
0.0,0.20699310730011958,0.18336076262550288,0.3791699636572786,0.22654502711067998,0.06844640445678056,0.2097249160087791,0.2065963797892204,0.05165787715198923,0.037298554514941906,0.17037037037037037,0.9783866727352142,0.24145112357734852,0.22926259186112344,0.9333621348441009,0.7055053478851915,0.5564208986873426,0.5036373686045408,0.8429273962974548,0.8298593163490295,0.8359006643295288
